{
  "name": "rest-api-testing",
  "version": "1.0.0",
  "description": "learn nodejs, express and mongodb",
  "main": "index.js",
  "scripts": {
    "clean": "rimraf dist/assets/*",
    "copy-assets": "ts-node tools/copyAssets",
    "lint": "tslint -c tslint.json -p tsconfig.json --fix",
    "tsc": "tsc",
    "build": "npm-run-all clean lint tsc copy-assets",
    "dev:start": "npm-run-all build start",
    "dev": "nodemon --watch src -e ts,ejs --exec npm run dev:start",
    "watch-ts": "tsc -w",
    "watch-node": "nodemon dist/server.js",
    "watch": "concurrently -k -p \"[{name}]\" -n \"TypeScript, Node\" -c \"yello.bold, cyan.bold\" \"npm run watch-ts\"  \"npm run watch-node\"",
    "start": "npm run watch"
  },
  "dependencies": {
    "concurrently": "^3.5.1",
    "ejs": "^2.6.1",
    "express": "^4.16.3",
    "morgan": "^1.9.1"
  },
  "devDependencies": {
    "typescript": "^3.2.2",
    "@types/express": "^4.16.0",
    "@types/fs-extra": "^5.0.4",
    "@types/morgan": "^1.7.35",
    "@types/node": "^10.12.18",
    "@types/shelljs": "^0.8.1",
    "fs-extra": "^7.0.1",
    "grunt": "^1.0.3",
    "grunt-contrib-copy": "^1.0.0",
    "grunt-contrib-watch": "^1.1.0",
    "grunt-ts": "^6.0.0-beta.21",
    "nodemon": "^1.18.9",
    "npm-run-all": "^4.1.5",
    "rimraf": "^2.6.3",
    "shelljs": "^0.8.3",
    "ts-node": "^7.0.1",
    "tslint": "^5.12.1"
  }
}
